,learning_time,prediction_time,accuracy_train,accuracy_test
0,421.2168846130371,19.85136842727661,0.1759368177652359,0.5890921175479888
1,421.2168846130371,19.85136842727661,0.9490000009536743,0.7325000166893005
